{"nodes":[{"x":578.9498690517397,"y":292.24907872534607,"type":1,"color":0},{"x":621.0458880644371,"y":207.75944074708906,"type":1,"color":0}],"links":[{"sx":621.0458880644371,"sy":207.75944074708906,"sindex":1,"sw":1,"sf":0,"tx":578.9498690517397,"ty":292.24907872534607,"tindex":0,"tf":0}]}