{"nodes":[{"x":581.4199302208903,"y":273.68035474513874,"type":22,"color":0}],"links":[]}