{"nodes":[{"x":573.5281532215944,"y":296.2715501739407,"type":5,"color":0},{"x":556.4428508507186,"y":225.12646419604053,"type":5,"color":0},{"x":643.6699622015435,"y":274.83887154207616,"type":5,"color":0},{"x":626.6062802475435,"y":203.44575288176756,"type":5,"color":0}],"links":[{"sx":643.6699622015435,"sy":274.83887154207616,"sindex":2,"sw":1,"sf":undefined,"tx":556.4428508507186,"ty":225.12646419604053,"tindex":1,"tw":1,"tf":undefined}]}