{"nodes":[{"x":623.5385082795825,"y":208.91895208295747,"type":56,"color":0}],"links":[]}